<?xml version="1.0" encoding="UTF-8"?>
<configuration scan="true" scanPeriod="180 seconds">
    <property name="app.name" value="orchestration-ds1-migration-tracker" />
    <property name="app.project.log.root" value="com.vz.uiam.onenet.chronicsitetracker.interfaces" />
    <include resource="ivapp-logback-common.xml" />
    
    <logger name="com.vz.uiam.onenet.chronicsitetracker.interfaces" additivity="true">
     <level value="DEBUG" />
     <appender-ref ref="MAIN" />
     <appender-ref ref="MAIN_JSON" />
     <appender-ref ref="consoleAppender" />
 	</logger>
 
</configuration>